{"train/eps": 1, "train/objective/kl": 9.36317337618675e-06, "train/objective/entropy": 31.461416244506836, "train/objective/non_score_reward": -4.6815830501145683e-07, "train/objective/rlhf_reward": -1.9488953351974487, "train/objective/scores": -1.9488948583602905, "train/policy/approxkl_avg": 0.0007598997326567769, "train/policy/clipfrac_avg": 0.0, "train/loss/policy_avg": -0.0006864988245069981, "train/loss/value_avg": 3.0190987586975098, "train/val/clipfrac_avg": 0.0, "train/policy/entropy_avg": 0.5352573990821838, "train/val/ratio": 0.9992657899856567, "train/val/ratio_var": 8.098705620795954e-06, "train/val/num_eos_tokens": 0, "train/lr": 0.0, "train/episode": 12, "train/epoch": 0.00010766097558787379, "train/global_step": 1, "_timestamp": 1731967992.630247, "_runtime": 22.71629309654236, "_step": 0, "_wandb": {"runtime": 21}}