{"train/eps": 0, "train/objective/kl": 9.36317337618675e-06, "train/objective/entropy": 31.461416244506836, "train/objective/non_score_reward": -4.6815830501145683e-07, "train/objective/rlhf_reward": -1.8715251684188843, "train/objective/scores": -1.871524691581726, "train/policy/approxkl_avg": 0.0007598997326567769, "train/policy/clipfrac_avg": 0.0015723269898444414, "train/loss/policy_avg": 0.00021261232905089855, "train/loss/value_avg": 2.7983670234680176, "train/val/clipfrac_avg": 0.0, "train/policy/entropy_avg": 0.5352574586868286, "train/val/ratio": 0.9992657899856567, "train/val/ratio_var": 7.540159003838198e-06, "train/val/num_eos_tokens": 0, "train/lr": 0.0, "train/episode": 12, "train/epoch": 0.00010766097558787379, "train/global_step": 1, "_timestamp": 1731966944.2955348, "_runtime": 43.001518964767456, "_step": 0, "_wandb": {"runtime": 42}}