{"train/eps": 0, "train/objective/kl": 1.2701991636276944e-06, "train/objective/entropy": 30.7541561126709, "train/objective/non_score_reward": -6.351007186822244e-08, "train/objective/rlhf_reward": -0.5024847388267517, "train/objective/scores": -0.5024846792221069, "train/policy/approxkl_avg": 0.0005380272050388157, "train/policy/clipfrac_avg": 0.0, "train/loss/policy_avg": 0.0002561858855187893, "train/loss/value_avg": 2.630614995956421, "train/val/clipfrac_avg": 0.0, "train/policy/entropy_avg": 0.5970140695571899, "train/val/ratio": 0.999998152256012, "train/val/ratio_var": 4.304313733882736e-06, "train/val/num_eos_tokens": 0, "train/lr": 8e-08, "train/episode": 24, "train/epoch": 0.00021532195117574758, "train/global_step": 2, "_timestamp": 1731968088.3748913, "_runtime": 36.26896119117737, "_step": 2, "completions": {"_type": "table-file", "sha256": "7b8400df00849aa496a19961f8905f1671a4765f19353dd0ebf962b3ff5d4d36", "size": 14849, "artifact_path": "wandb-client-artifact://eqerc8k7g1v7q35ft48q1upo0hy1rmqifjxq74a12d4vumq2kezi8lcj084zyzkhksy5jgzrowvtjdz6biph8b151ke5pavb7gctd9t9b9zsb0p7nda1cz5ijxsb32bl:latest/completions.table.json", "_latest_artifact_path": "wandb-client-artifact://eqerc8k7g1v7q35ft48q1upo0hy1rmqifjxq74a12d4vumq2kezi8lcj084zyzkhksy5jgzrowvtjdz6biph8b151ke5pavb7gctd9t9b9zsb0p7nda1cz5ijxsb32bl:latest/completions.table.json", "path": "media/table/completions_1_7b8400df00849aa496a1.table.json", "ncols": 3, "nrows": 8}, "_wandb": {"runtime": 38}}