{"train/eps": 0, "train/objective/kl": 3.320620536804199, "train/objective/entropy": 56.7608757019043, "train/objective/non_score_reward": -0.16603104770183563, "train/objective/rlhf_reward": 0.6906684041023254, "train/objective/scores": 0.8566994667053223, "train/policy/approxkl_avg": 0.2536434531211853, "train/policy/clipfrac_avg": 0.012578615918755531, "train/loss/policy_avg": 6.407033652067184e-05, "train/loss/value_avg": 1.2008991241455078, "train/val/clipfrac_avg": 0.0, "train/policy/entropy_avg": 0.9581243991851807, "train/val/ratio": 0.994469165802002, "train/val/ratio_var": 2.5918538085534237e-05, "train/val/num_eos_tokens": 0, "train/lr": 0.0, "train/episode": 12, "train/epoch": 0.00010280838231010435, "train/global_step": 1, "_timestamp": 1731451739.6546144, "_runtime": 46.17582154273987, "_step": 0, "_wandb": {"runtime": 45}}