{"train/eps": 1, "train/objective/kl": 9.298662007495295e-06, "train/objective/entropy": 31.461416244506836, "train/objective/non_score_reward": -4.649330094252946e-07, "train/objective/rlhf_reward": -0.9885861277580261, "train/objective/scores": -0.9885856509208679, "train/policy/approxkl_avg": 0.0007598996162414551, "train/policy/clipfrac_avg": 0.0, "train/loss/policy_avg": 4.048319533467293e-05, "train/loss/value_avg": 2.339759349822998, "train/val/clipfrac_avg": 0.0, "train/policy/entropy_avg": 0.535258948802948, "train/val/ratio": 0.9992657899856567, "train/val/ratio_var": 7.445856226695469e-06, "train/val/num_eos_tokens": 0, "train/lr": 0.0, "train/episode": 12, "train/epoch": 0.00010766097558787379, "train/global_step": 1, "_timestamp": 1731454183.1841817, "_runtime": 22.43602180480957, "_step": 0, "_wandb": {"runtime": 21}}