{"train/eps": 1, "train/objective/kl": 5.7607035636901855, "train/objective/entropy": 7.249154567718506, "train/objective/non_score_reward": -0.28803518414497375, "train/objective/rlhf_reward": -0.4845898449420929, "train/objective/scores": -0.19655466079711914, "train/policy/approxkl_avg": 0.6189420223236084, "train/policy/clipfrac_avg": 0.007254922296851873, "train/loss/policy_avg": 0.02962958998978138, "train/loss/value_avg": 2.6703925132751465, "train/val/clipfrac_avg": 0.0, "train/policy/entropy_avg": 0.6583707332611084, "train/val/ratio": 0.9868719577789307, "train/val/ratio_var": 4.010350312455557e-05, "train/val/num_eos_tokens": 6, "train/lr": 0.0, "train/episode": 12, "train/epoch": 0.00010280838231010435, "train/global_step": 1, "_timestamp": 1731453150.8565266, "_runtime": 53.12681555747986, "_step": 0, "_wandb": {"runtime": 52}}