{"train/eps": 1, "train/objective/kl": 9.298662007495295e-06, "train/objective/entropy": 31.461416244506836, "train/objective/non_score_reward": -4.649330094252946e-07, "train/objective/rlhf_reward": 1.6739864349365234, "train/objective/scores": 1.6739869117736816, "train/policy/approxkl_avg": 0.0007598996162414551, "train/policy/clipfrac_avg": 0.0015723269898444414, "train/loss/policy_avg": 0.0004676501266658306, "train/loss/value_avg": 2.218104362487793, "train/val/clipfrac_avg": 0.0, "train/policy/entropy_avg": 0.5352588891983032, "train/val/ratio": 0.9992657899856567, "train/val/ratio_var": 4.609927600540686e-06, "train/val/num_eos_tokens": 0, "train/lr": 0.0, "train/episode": 12, "train/epoch": 0.00010766097558787379, "train/global_step": 1, "_timestamp": 1731453607.737223, "_runtime": 60.5032320022583, "_step": 0, "_wandb": {"runtime": 59}}